gene	SD1	SD2	SD3	TG1	TG3	mean_TPM
ZN652G2821	260.16	226.47	306.3	54.37	180.27	205.51
ZN652G2822	30.97	29.93	53.56	1.33	6.19	24.4
ZN652G2823	21.08	34.28	49.66	23.97	16.4	29.08
ZN654G2376	3.15	4.93	4.89	5.96	45.21	12.83
ZN655G2349	54.59	38.88	55.1	17.15	9.7	35.09
ZN658G1277	0	0	0	0	0	0
ZN651G4006	0.36	0	0	5.12	0	1.1
ZN652G1824	8.06	2.75	10.38	0.11	0.73	4.41
ZN652G1825	17.22	5.39	18.09	0.04	2.8	8.71
ZN655G1707	67.75	48.03	35.02	69.14	268.38	97.67
ZN651G1532	0.82	0.19	0	0.27	0	0.26
ZN6510G2439	0.04	0.18	0.14	12.38	6.33	3.81
ZN6511G1474	0	0	0	0	0	0
ZN652G0652	85.13	102.61	101.47	34.37	21.55	69.03
ZN652G3287	0	2.69	2.57	3.67	6.19	3.02
ZN652G3469	0	0	0	0	0	0
ZN653G0422	39.92	27.89	19.83	19.49	15.66	24.56
ZN653G4746	0	0	0	0	0	0
ZN654G0897	0	0.08	0.04	0	0	0.02
ZN655G3453	0.14	0.18	0.04	0.03	0.03	0.08
ZN656G2855	40	54.15	32.62	6.24	38.48	34.3
ZN658G0292	0	0.18	0.31	0.2	0.37	0.21
ZN658G0929	2.22	4.27	4.26	0.34	0.62	2.34
ZN658G2059	36.78	42.93	57.2	1.98	13.22	30.42
ZN658G2289	0	0	0	0	0	0
ZN658G2417	0	0	0	0	0	0
ZN659G1061	0	0.54	0	0	0	0.11
ZN651G2554	0.63	0.4	0.13	0.12	0	0.26
ZN6511G1926	0	2.57	0.28	0	0	0.57
ZN653G3623	0	0	0	0	0	0
ZN654G0020	0.06	0.27	1.45	0	0	0.36
ZN654G0843	0	0	0	0	0	0
ZN651G0937	0	0	0	0	0	0
ZN6510G0956	112.66	106.95	101.55	64.55	100	97.14
ZN6511G0127	6.97	47.37	38.8	52.48	67.72	42.67
ZN6511G0130	3.99	8.84	8.53	6.92	3.62	6.38
ZN6511G1276	0	0	0	0.16	0	0.03
ZN6512G0120	0.12	11.51	6.62	7.41	6.83	6.5
ZN6512G0123	4.08	10.09	10.53	4.43	3.86	6.6
ZN652G1589	41.88	55.35	47.57	28.28	18.01	38.22
ZN653G1779	137.75	146.77	168.22	106.51	339.25	179.7
ZN653G4807	38.74	186.41	169.78	87.43	76.36	111.74
ZN654G3101	23.98	50.16	35.12	6.19	8.54	24.8
ZN656G2924	60.08	104.44	75.37	98.38	74.53	82.56
ZN657G3214	16.05	18.95	21.91	2.22	2.74	12.37
ZN653G3226	13.28	17.07	10.86	304.49	55.85	80.31
ZN654G2867	301.78	36.21	90.55	8.1	0.97	87.52
ZN654G3479	0.21	1.01	2.22	0.15	0.26	0.77
ZN6510G0806	1.29	18.82	27.33	0.3	2.73	10.09
ZN6510G0816	0.98	1.17	2.44	36.61	20.18	12.28
ZN651G4463	0	0	0	0	0	0
ZN6510G1512	0	0	0	0	0	0
ZN653G1221	0	0	0	0	0	0
ZN653G2037	33.32	30.7	33.14	3.05	7.89	21.62
ZN651G2772	0	0	0	0	0	0
ZN656G3045	1	0.67	0.06	0.97	52.01	10.94
ZN657G2555	2.32	7.73	8.25	0.11	0.66	3.81
ZN657G2581	4.76	17.23	9.34	155.67	14	40.2
ZN657G2582	0.88	0.15	0.77	1.2	0	0.6
ZN658G2517	1.34	0.71	1.72	4.05	1.78	1.92
ZN651G1778	1.25	0.79	0.24	0.09	0.65	0.6
ZN6510G2277	65.68	111.44	77.7	13.02	2.69	54.11
ZN652G3429	50.17	20.26	38.58	19.03	56.8	36.97
ZN655G0226	3.25	2.79	2.62	26.83	4.53	8
ZN656G2674	0	0.06	0.12	0.22	0.11	0.1
ZN656G0641	0.79	3.04	2.39	1.1	2.45	1.95
ZN657G0344	0	0.34	0.1	0.18	0.23	0.17
ZN658G0964	0	0	0	0	0	0
ZN653G1214	0	0	0	0	0	0
ZN6510G1693	0.22	0.31	0.31	0	0	0.17
ZN654G3254	0.52	3.08	4.52	4.06	2.71	2.98
ZN654G3255	0.06	3.97	1.64	0	0.8	1.29
ZN654G3256	10.32	22.17	12.2	35.88	227.24	61.56
ZN654G3258	10.38	3.3	6.82	1.01	1.8	4.66
ZN654G3260	85.22	42.75	53.43	3.6	9.5	38.9
ZN654G3261	20.91	14.79	14.44	6.7	6.32	12.63
ZN654G3262	0	0.08	0	0.99	0.58	0.33
ZN656G2819	177.01	109.74	134.01	32.78	189.43	128.59
ZN659G1954	34.19	26.13	17.58	110.91	26.11	42.98
ZN651G1686	5.34	4.32	7.08	235.97	25.33	55.61
ZN651G4097	7.52	1.3	1.4	0.07	59.13	13.88
ZN6510G2047	28	48.96	39.98	13.8	10.54	28.26
ZN6510G2049	41.27	44.4	53.09	27.8	39.12	41.13
ZN6510G2127	1881.92	700.41	798.84	63.69	852.63	859.5
ZN6510G2276	125.79	180.06	275.34	19	2.12	120.46
ZN6510G2280	1.2	5.69	7.2	5.22	1.12	4.09
ZN6510G2282	1.12	2.1	3.03	0.44	0.93	1.53
ZN652G1597	0.2	1.64	0.78	1.05	0.54	0.84
ZN652G3799	0.12	1.28	1.21	0	0.24	0.57
ZN653G1469	34.6	4.05	2.3	2.52	233.2	55.33
ZN654G2868	16.68	7.19	8.81	0.33	1381.99	283
ZN654G3525	2.53	6	2.5	3.33	5.72	4.02
ZN656G0444	22.91	12.75	11.43	12.13	5.18	12.88
ZN656G0551	8.09	90.07	52.95	165	2.9	63.8
ZN658G2245	11.49	14.7	14.82	9.97	11.99	12.59
ZN659G1024	0	0	0.07	0	0	0.01
ZN659G1026	0.07	1.33	2.01	0	0.07	0.7
ZN659G1028	0	0.08	0.08	0	0	0.03
ZN656G0471	92.36	134.13	108.27	80.73	123.63	107.82
ZN659G1877	4.78	6.16	5.72	6.43	7.02	6.02
