通路步骤	KO	ZN65基因	位置	链
PAL 苯丙氨酸解氨酶	K10775	ZN652G2821	Chr2:26852848-26857367	-
PAL 苯丙氨酸解氨酶	K10775	ZN652G2822	Chr2:26860771-26863358	-
PAL 苯丙氨酸解氨酶	K10775	ZN652G2823	Chr2:26868122-26870776	-
PAL 苯丙氨酸解氨酶	K10775	ZN654G2376	Chr4:25997687-26000431	-
PAL 苯丙氨酸解氨酶	K10775	ZN655G2349	Chr5:22110749-22113262	-
PAL 苯丙氨酸解氨酶	K10775	ZN658G1277	Chr8:13245608-13246664	+
C4H 肉桂酸4羟化酶	K00487	ZN651G4006	Chr1:36630216-36631882	-
C4H 肉桂酸4羟化酶	K00487	ZN652G1824	Chr2:17407147-17409185	-
C4H 肉桂酸4羟化酶	K00487	ZN652G1825	Chr2:17413961-17416072	+
C4H 肉桂酸4羟化酶	K00487	ZN655G1707	Chr5:15397821-15402742	-
4CL 4香豆酸CoA连接酶	K01904	ZN651G1532	Chr1:12619263-12635718	+
4CL 4香豆酸CoA连接酶	K01904	ZN6510G2439	Chr10:25630661-25634070	-
4CL 4香豆酸CoA连接酶	K01904	ZN6511G1474	Chr11:17927454-17929512	+
4CL 4香豆酸CoA连接酶	K01904	ZN652G0652	Chr2:4281609-4287031	+
4CL 4香豆酸CoA连接酶	K01904	ZN652G3287	Chr2:30585444-30589147	-
4CL 4香豆酸CoA连接酶	K01904	ZN652G3469	Chr2:31973107-31976749	-
4CL 4香豆酸CoA连接酶	K01904	ZN653G0422	Chr3:2983303-2988209	-
4CL 4香豆酸CoA连接酶	K01904	ZN653G4746	Chr3:36305004-36305530	-
4CL 4香豆酸CoA连接酶	K01904	ZN654G0897	Chr4:14245754-14247874	-
4CL 4香豆酸CoA连接酶	K01904	ZN655G3453	Chr5:29931696-29933873	+
4CL 4香豆酸CoA连接酶	K01904	ZN656G2855	Chr6:28353015-28359816	-
4CL 4香豆酸CoA连接酶	K01904	ZN658G0292	Chr8:2411353-2414359	+
4CL 4香豆酸CoA连接酶	K01904	ZN658G0929	Chr8:8876821-8881284	+
4CL 4香豆酸CoA连接酶	K01904	ZN658G2059	Chr8:23415442-23418529	-
4CL 4香豆酸CoA连接酶	K01904	ZN658G2289	Chr8:25519913-25523228	+
4CL 4香豆酸CoA连接酶	K01904	ZN658G2417	Chr8:26315428-26317225	-
4CL 4香豆酸CoA连接酶	K01904	ZN659G1061	Chr9:13605693-13606419	-
CHS 查尔酮合酶	K00660	ZN651G2554	Chr1:25240787-25244507	-
CHS 查尔酮合酶	K00660	ZN6511G1926	Chr11:24091097-24092651	+
CHS 查尔酮合酶	K00660	ZN653G3623	Chr3:28433751-28434225	-
CHS 查尔酮合酶	K00660	ZN654G0020	Chr4:277141-278890	-
CHS 查尔酮合酶	K00660	ZN654G0843	Chr4:13865384-13866764	-
CHI 查尔酮异构酶	K01859	ZN651G0937	Chr1:7281769-7282590	+
CHI 查尔酮异构酶	K01859	ZN6510G0956	Chr10:12334216-12341575	-
CHI 查尔酮异构酶	K01859	ZN6511G0127	Chr11:881201-884292	-
CHI 查尔酮异构酶	K01859	ZN6511G0130	Chr11:894336-899286	-
CHI 查尔酮异构酶	K01859	ZN6511G1276	Chr11:13505768-13507669	-
CHI 查尔酮异构酶	K01859	ZN6512G0120	Chr12:839674-841812	-
CHI 查尔酮异构酶	K01859	ZN6512G0123	Chr12:856786-861366	-
CHI 查尔酮异构酶	K01859	ZN652G1589	Chr2:13195175-13201615	-
CHI 查尔酮异构酶	K01859	ZN653G1779	Chr3:12805168-12811703	+
CHI 查尔酮异构酶	K01859	ZN653G4807	Chr3:36619415-36620586	-
CHI 查尔酮异构酶	K01859	ZN654G3101	Chr4:31224685-31228931	+
CHI 查尔酮异构酶	K01859	ZN656G2924	Chr6:28885191-28892872	+
CHI 查尔酮异构酶	K01859	ZN657G3214	Chr7:30146016-30156287	-
F3H 黄烷酮3羟化酶	K00475	ZN653G3226	Chr3:25289314-25291356	-
F3H 黄烷酮3羟化酶	K00475	ZN654G2867	Chr4:29555616-29575229	+
F3H 黄烷酮3羟化酶	K00475	ZN654G3479	Chr4:34037943-34040944	-
F3'H 类黄酮3'羟化酶	K05280	ZN6510G0806	Chr10:10583404-10586631	+
F3'H 类黄酮3'羟化酶	K05280	ZN6510G0816	Chr10:10779182-10781156	+
F3'5'H 类黄酮3'5'羟化酶	K13083	ZN651G4463	Chr1:39756824-39757165	-
F3'5'H 类黄酮3'5'羟化酶	K13083	ZN6510G1512	Chr10:18658585-18658998	+
F3'5'H 类黄酮3'5'羟化酶	K13083	ZN653G1221	Chr3:8786353-8786553	-
F3'5'H 类黄酮3'5'羟化酶	K13083	ZN653G2037	Chr3:15213528-15220054	+
DFR 二氢黄酮醇4还原酶	K13082	ZN651G2772	Chr1:27075322-27077300	+
DFR 二氢黄酮醇4还原酶	K13082	ZN656G3045	Chr6:29960120-29962099	-
DFR 二氢黄酮醇4还原酶	K13082	ZN657G2555	Chr7:25688615-25690914	+
DFR 二氢黄酮醇4还原酶	K13082	ZN657G2581	Chr7:25837251-25839502	-
DFR 二氢黄酮醇4还原酶	K13082	ZN657G2582	Chr7:25840516-25846126	-
DFR 二氢黄酮醇4还原酶	K13082	ZN658G2517	Chr8:27076541-27078140	-
ANS/LDOX 花色素合酶	K05277	ZN651G1778	Chr1:15900232-15901825	-
ANS/LDOX 花色素合酶	K05277	ZN6510G2277	Chr10:24592311-24593891	-
ANS/LDOX 花色素合酶	K05277	ZN652G3429	Chr2:31708527-31711284	+
ANS/LDOX 花色素合酶	K05277	ZN655G0226	Chr5:1617001-1623187	-
ANS/LDOX 花色素合酶	K05277	ZN656G2674	Chr6:26699563-26701457	-
UFGT/3GT 花色素3-O-葡糖基转移酶	K12930	ZN656G0641	Chr6:4547974-4549543	+
UFGT/3GT 花色素3-O-葡糖基转移酶	K12930	ZN657G0344	Chr7:2837474-2839103	+
UFGT/3GT 花色素3-O-葡糖基转移酶	K12930	ZN658G0964	Chr8:9286934-9287254	+
LAR 无色花色素还原酶	K13081	ZN653G1214	Chr3:8746137-8747580	-
ANR 花色素还原酶	K08695	ZN6510G1693	Chr10:20267641-20272450	-
ANR 花色素还原酶	K08695	ZN654G3254	Chr4:32459602-32462224	+
ANR 花色素还原酶	K08695	ZN654G3255	Chr4:32463620-32466487	+
ANR 花色素还原酶	K08695	ZN654G3256	Chr4:32467758-32469913	+
ANR 花色素还原酶	K08695	ZN654G3258	Chr4:32482617-32492935	+
ANR 花色素还原酶	K08695	ZN654G3260	Chr4:32497270-32500075	+
ANR 花色素还原酶	K08695	ZN654G3261	Chr4:32502566-32504835	+
ANR 花色素还原酶	K08695	ZN654G3262	Chr4:32508948-32512335	+
ANR 花色素还原酶	K08695	ZN656G2819	Chr6:28074276-28080382	-
ANR 花色素还原酶	K08695	ZN659G1954	Chr9:21611621-21631291	-
FLS 黄酮醇合酶	K05278	ZN651G1686	Chr1:14623124-14626330	+
FLS 黄酮醇合酶	K05278	ZN651G4097	Chr1:37262879-37267830	+
FLS 黄酮醇合酶	K05278	ZN6510G2047	Chr10:22836152-22839236	+
FLS 黄酮醇合酶	K05278	ZN6510G2049	Chr10:22846216-22850350	+
FLS 黄酮醇合酶	K05278	ZN6510G2127	Chr10:23464331-23470741	+
FLS 黄酮醇合酶	K05278	ZN6510G2276	Chr10:24589509-24591136	-
FLS 黄酮醇合酶	K05278	ZN6510G2280	Chr10:24615352-24618108	-
FLS 黄酮醇合酶	K05278	ZN6510G2282	Chr10:24619856-24623535	-
FLS 黄酮醇合酶	K05278	ZN652G1597	Chr2:13350724-13352372	+
FLS 黄酮醇合酶	K05278	ZN652G3799	Chr2:34215545-34216930	-
FLS 黄酮醇合酶	K05278	ZN653G1469	Chr3:10405214-10410817	-
FLS 黄酮醇合酶	K05278	ZN654G2868	Chr4:29575917-29577997	-
FLS 黄酮醇合酶	K05278	ZN654G3525	Chr4:34294613-34298041	+
FLS 黄酮醇合酶	K05278	ZN656G0444	Chr6:3073667-3075818	+
FLS 黄酮醇合酶	K05278	ZN656G0551	Chr6:3804683-3806978	+
FLS 黄酮醇合酶	K05278	ZN658G2245	Chr8:25260802-25264436	-
FLS 黄酮醇合酶	K05278	ZN659G1024	Chr9:13022400-13025226	+
FLS 黄酮醇合酶	K05278	ZN659G1026	Chr9:13037771-13039416	+
FLS 黄酮醇合酶	K05278	ZN659G1028	Chr9:13047077-13049745	+
COMT/咖啡酸甲基转移酶	K00588	ZN656G0471	Chr6:3249575-3250915	+
COMT/咖啡酸甲基转移酶	K00588	ZN659G1877	Chr9:21074438-21075834	-
